first_name,last_name,email,address,city,country_code,phone,company
Analiese,Ossipenko,aossipenko0@time.com,31706 Westridge Plaza,Persen,ID,62-(695)852-2912,Skidoo
Polly,Watling,pwatling1@cam.ac.uk,8 Swallow Road,Daguma,PH,63-(988)458-3427,Yabox
Lesli,Koomar,lkoomar2@si.edu,45017 Swallow Junction,Taraju,ID,62-(102)248-3720,Youspan
Georgina,Domone,gdomone3@washington.edu,94438 Anhalt Street,Łapczyca,PL,48-(470)515-9887,Ozu
Paxon,Robshaw,probshaw4@sun.com,2 Granby Court,São Gabriel da Cachoeira,BR,55-(910)905-0306,Zoombox
Kerstin,Sherbrooke,ksherbrooke5@linkedin.com,0335 Spaight Park,Digne-les-Bains,FR,33-(123)348-7025,Janyx
Keefe,Moscon,kmoscon6@privacy.gov.au,9 Lunder Avenue,Kapitanivka,UA,380-(901)974-3044,Trupe
Gualterio,Boggon,gboggon7@posterous.com,3487 Petterle Crossing,Esigodini,ZW,263-(320)279-2631,Izio
Cheslie,Kelso,ckelso8@google.nl,20 Trailsway Plaza,Montréal-Est,CA,1-(823)131-0412,Roodel
Raeann,Luce,rluce9@yahoo.com,411 Eastwood Park,Dłutów,PL,48-(232)436-8333,Aivee
Halli,Witter,hwittera@youtube.com,37596 Schmedeman Point,Pagaden,ID,62-(275)574-1542,Thoughtblab
Zonda,Robart,zrobartb@nasa.gov,17775 Hoffman Avenue,Bayanan,PH,63-(510)181-3955,Quinu
Benedicta,Littlemore,blittlemorec@imageshack.us,9755 Eliot Junction,Bachok,MY,60-(877)704-6781,Topiczoom
Lizabeth,Keggin,lkeggind@w3.org,3238 Veith Terrace,Le Blanc-Mesnil,FR,33-(639)308-2653,Skinte
Grier,Weben,gwebene@netvibes.com,94244 Claremont Place,Caballococha,PE,51-(998)893-7075,Bubbletube
Sella,Tilson,stilsonf@mozilla.com,93 Portage Drive,Tsengel,MN,976-(123)525-6869,Mydo
Othello,Easun,oeasung@ning.com,5949 Elmside Avenue,Kamenický Šenov,CZ,420-(107)669-4229,Quire
Pietrek,Torra,ptorrah@hibu.com,37 Stephen Center,Borlänge,SE,46-(525)927-5942,Meejo
Rey,Guerin,rguerini@ycombinator.com,5 Rusk Circle,Kavār,IR,98-(128)472-9517,Devpulse
Joana,Stearne,jstearnej@tamu.edu,6 Marcy Junction,Zawiya,LY,218-(562)525-4621,Brainbox
Celie,Duckerin,cduckerink@netlog.com,3938 Delaware Alley,Raman,TH,66-(957)864-2853,Topicblab
Jeremie,Jannex,jjannexl@miibeian.gov.cn,59625 Loeprich Alley,Kotlovka,RU,7-(981)281-7099,Mita
Gisele,Everley,geverleym@craigslist.org,77 Nevada Pass,Bagarmossen,SE,46-(981)815-1523,Eidel
Hesther,Newens,hnewensn@paginegialle.it,17235 Hallows Pass,Villa Santa Rosa,AR,54-(789)724-1559,Vidoo
Elden,Gowdy,egowdyo@gizmodo.com,5352 Heffernan Drive,Ralung,CN,86-(427)232-7139,Browseblab
Ninette,Torrisi,ntorrisip@blogspot.com,8 Miller Street,Dauriya,RU,7-(592)816-9657,Jabbersphere
Regine,Morcomb,rmorcombq@tripadvisor.com,2 Memorial Center,San Miguel,MX,52-(550)440-6428,Yacero
Quint,Paulton,qpaultonr@prnewswire.com,6731 Waxwing Plaza,Veiga,PT,351-(586)296-4381,Layo
Marney,Tregonna,mtregonnas@loc.gov,9581 Kingsford Point,Belyye Berega,RU,7-(969)594-7529,Mita
Thor,Nerval,tnervalt@last.fm,70 Declaration Crossing,Najin,KP,850-(808)509-3856,Podcat
Renata,Bizzey,rbizzeyu@pinterest.com,8 Lien Lane,Qinggou,CN,86-(139)336-5120,Livetube
Vivienne,Aymeric,vaymericv@wsj.com,3001 Leroy Street,Kerikeri,NZ,64-(929)825-5435,Voolith
Corly,Nalder,cnalderw@ftc.gov,2 Banding Place,Huangjin,CN,86-(907)805-4575,Jaloo
Bernadene,Fanshawe,bfanshawex@mysql.com,24992 Lien Hill,Dhaka,BD,880-(534)530-5341,Tagtune
Abra,Whiscard,awhiscardy@delicious.com,50 Sommers Point,San Ricardo,PH,63-(220)550-1872,Wikizz
Dorette,Valasek,dvalasekz@nasa.gov,298 Brentwood Alley,Chiang Yuen,TH,66-(966)602-2472,Livetube
Flo,Lamps,flamps10@hubpages.com,794 2nd Plaza,Bystré,CZ,420-(881)497-8701,Skidoo
Vera,Pfertner,vpfertner11@jalbum.net,35 Maryland Junction,Quanjiang,CN,86-(598)993-0085,Twitternation
Debor,Ordelt,dordelt12@gov.uk,7 Fordem Road,Sang-e Chārak,AF,93-(152)847-7823,Browsecat
Kenon,Crecy,kcrecy13@marriott.com,881 Bluestem Junction,Dachun,CN,86-(627)816-1551,Tanoodle
Neille,McNish,nmcnish14@addtoany.com,3543 Loeprich Way,Pagsabangan,PH,63-(389)489-5814,Realpoint
Gilbert,Bottleson,gbottleson15@europa.eu,044 Chive Junction,Jihlava,CZ,420-(415)729-5719,Buzzbean
Corrianne,Kingcote,ckingcote16@bluehost.com,75215 Mayer Center,T’ianet’i,GE,995-(408)779-7197,Kazu
Ernaline,Dilliston,edilliston17@wikipedia.org,51 Banding Plaza,Hekou,CN,86-(890)813-5382,Oozz
Olga,Digweed,odigweed18@surveymonkey.com,948 Calypso Trail,Gandzak,AM,374-(990)515-9170,Brainbox
Gabrielle,Yeates,gyeates19@fotki.com,2414 5th Pass,Kuala Lumpur,MY,60-(801)107-8112,Yakidoo
Valenka,Hucker,vhucker1a@reverbnation.com,266 Del Sol Court,Huyuan,CN,86-(163)460-6947,Tagchat
Pietrek,Panks,ppanks1b@delicious.com,95 Maywood Crossing,Shiree,MN,976-(771)708-7508,Tagfeed
Royal,Schoolcroft,rschoolcroft1c@reference.com,847 Surrey Drive,Ostrowite,PL,48-(760)635-9135,Livepath
Nowell,Statton,nstatton1d@pinterest.com,38 Shelley Trail,Šentvid pri Stični,SI,386-(133)738-8853,Yadel
Fair,Theuff,ftheuff1e@time.com,6 Texas Avenue,Tartu,EE,372-(351)471-4700,Vimbo
Florentia,Lethley,flethley1f@fotki.com,7724 Washington Pass,Miaotang,CN,86-(543)828-0557,Oozz
Flor,Ganiclef,fganiclef1g@arstechnica.com,673 David Avenue,Sinuknipan,PH,63-(722)761-7120,Brightbean
Carma,Gale,cgale1h@shop-pro.jp,8446 Claremont Terrace,Santa Lucía,AR,54-(751)597-9421,Aimbo
Free,Farmloe,ffarmloe1i@ucoz.ru,66010 Fallview Plaza,Veracruz,PA,507-(610)705-1301,Roombo
Tierney,Bertomeu,tbertomeu1j@ask.com,9 Sutteridge Road,Arari,BR,55-(883)718-9978,Jetpulse
Wit,Cudmore,wcudmore1k@mysql.com,48 Laurel Drive,Ma’an,CN,86-(433)541-1290,Rhyzio
Goraud,Gleadhell,ggleadhell1l@microsoft.com,01 Clarendon Center,Alcaldedíaz,PA,507-(211)717-2961,Feedfish
Randolf,Vamplus,rvamplus1m@businesswire.com,1930 Dayton Point,Vitoria-Gasteiz,ES,34-(143)683-3035,Skinix
Elna,Lockner,elockner1n@about.com,7 Graedel Pass,Baofeng,CN,86-(163)550-4535,Linklinks
Gennifer,Norgan,gnorgan1o@springer.com,31184 Grasskamp Alley,Oakland,US,1-(415)213-3327,Livetube
Bradford,Ransley,bransley1p@bloomberg.com,29723 Redwing Avenue,Seabra,BR,55-(821)357-0747,Jabbercube
Martino,Greenier,mgreenier1q@blogs.com,5519 Northview Crossing,Sal’sk,RU,7-(487)648-7082,Realblab
Mallory,Wyne,mwyne1r@gizmodo.com,50247 Beilfuss Court,Asbestos,CA,1-(133)747-0619,Zoomlounge
Arlee,Marklew,amarklew1s@mac.com,1 Hanover Junction,Salavan,LA,856-(313)712-0870,Fanoodle
Oralee,Colcutt,ocolcutt1t@bravesites.com,12 6th Park,Chusovoy,RU,7-(432)547-4906,Topicshots
Edeline,Grasner,egrasner1u@wikimedia.org,156 Rockefeller Center,Västra Frölunda,SE,46-(180)511-8711,Tavu
Izzy,Hinrichsen,ihinrichsen1v@go.com,1648 Utah Hill,Caramuca,VE,58-(991)689-7845,Realfire
Farley,Fawckner,ffawckner1w@chron.com,7630 Talisman Pass,Lyozna,BY,375-(134)186-0618,Photofeed
Crichton,McGilbon,cmcgilbon1x@upenn.edu,5 Anderson Lane,Buguruslan,RU,7-(858)845-2952,Jabbersphere
Berke,Himsworth,bhimsworth1y@webeden.co.uk,841 Graedel Terrace,Tsagaannuur,MN,976-(191)345-5382,Oodoo
Lydon,Ghest,lghest1z@buzzfeed.com,9715 Grover Trail,Omiš,HR,385-(828)946-2621,Fliptune
Torrin,Du Fray,tdufray20@psu.edu,6 Coolidge Terrace,Oslo,NO,47-(200)621-6291,Zava
Christina,Veel,cveel21@discovery.com,15738 Mockingbird Crossing,Saumur,FR,33-(941)909-7116,Trilia
Sidonia,Caesmans,scaesmans22@ow.ly,62975 Lake View Hill,Xiangqiao,CN,86-(777)124-7135,Edgewire
Ardis,Courteney,acourteney23@scribd.com,5603 Forest Park,Llusco,PE,51-(908)882-1536,Chatterpoint
Shannon,Ryman,sryman24@a8.net,6 Larry Parkway,Pakuwon,ID,62-(423)105-9612,Brainverse
Brian,Vicker,bvicker25@google.com.au,6 Ramsey Way,Krychaw,BY,375-(925)525-9930,Talane
Ara,Brideoke,abrideoke26@fastcompany.com,2 Shasta Place,Dazuo,CN,86-(339)954-1909,Demizz
Malachi,Kissack,mkissack27@blogspot.com,27 Sachtjen Hill,Ganghwa-gun,KR,82-(196)193-1841,Oyoyo
Iseabal,Hammerson,ihammerson28@columbia.edu,3 Springview Way,Serhetabat,TM,993-(239)205-0854,Photojam
Jeannette,Lowerson,jlowerson29@zimbio.com,47 Bultman Place,Sukhinichi,RU,7-(546)918-1119,Avavee
Mareah,Doveston,mdoveston2a@sbwire.com,57 8th Place,Tysmenychany,UA,380-(818)512-3518,Fatz
Sela,Ricard,sricard2b@umn.edu,55 Novick Avenue,Hennenman,ZA,27-(123)731-3347,Zoombeat
Heidi,Olliff,holliff2c@businessinsider.com,8508 American Ash Avenue,Ranilug,XK,383-(904)396-7190,Topicshots
Elfreda,Palfreyman,epalfreyman2d@issuu.com,6238 Melvin Center,Oughterard,IE,353-(207)723-4392,Cogidoo
Angelle,Edinburough,aedinburough2e@shareasale.com,23 Karstens Crossing,Sveg,SE,46-(301)406-4184,Fatz
Timothy,Heliot,theliot2f@chicagotribune.com,8845 Waubesa Plaza,Hŭngnam,KP,850-(521)159-4609,Dynava
Leda,Wrenn,lwrenn2g@yellowbook.com,27711 Nobel Alley,Karpogory,RU,7-(523)329-3376,Ntag
Grethel,Bines,gbines2h@myspace.com,7 Iowa Way,Cache Creek,CA,1-(188)507-2109,Skyvu
Johanna,Tatton,jtatton2i@wordpress.com,0 Talisman Trail,Maiyema,NG,234-(265)485-9544,Skinte
Pier,Burges,pburges2j@bbc.co.uk,36763 Scott Pass,Hallstahammar,SE,46-(313)718-5291,Babbleopia
Cynde,Maggiori,cmaggiori2k@sun.com,52 Lighthouse Bay Crossing,Sishilichengzi,CN,86-(886)467-6724,Wikido
Thomas,Ranstead,transtead2l@fastcompany.com,24676 Holy Cross Street,Karangsono,ID,62-(649)914-7870,Topdrive
Julieta,Buxey,jbuxey2m@shop-pro.jp,47995 Welch Way,Kousséri,CM,237-(316)966-6942,Shuffledrive
Pavia,Shotboult,pshotboult2n@de.vu,8 Dapin Hill,Guadalupe,MX,52-(747)827-5467,Kayveo
Gus,Rochford,grochford2o@google.com.au,9807 Morningstar Pass,Mayong,CN,86-(412)777-4565,Flipbug
Josh,Vanetti,jvanetti2p@unblog.fr,22634 Warner Point,Is,RU,7-(989)156-4204,Yabox
Hewet,Kain,hkain2q@omniture.com,83184 Oriole Place,Alhambra,US,1-(626)920-2100,Tagopia
